N,CPU_Add_ms,GPU_Add_ms,GPU_Add_FP16_ms,CPU_Mul_ms,GPU_Mul_ms,GPU_Mul_FP16_ms
128,0.005761,0.151584,0.031104,2.29485,0.04096,0.040992
256,0.019805,0.015264,0.013728,20.6608,0.140448,0.1384
512,0.156584,0.017344,0.021856,186.071,0.941376,0.945024
1024,0.524063,0.056512,0.060416,3307.91,7.34032,7.35696
